{
  "global": {
    "roc_auc": 0.8559794579374744,
    "pr_auc": 0.6697279971600427,
    "precision_at_k": 0.22489397493306798,
    "recall_at_k": 0.7222721047024806,
    "f1_at_k": 0.34299083994290774,
    "threshold": 0.9502886731236072
  }
}