{
  "0.005": {
    "k": 0.005,
    "topn": 42452,
    "tp": 42452,
    "fp": 0,
    "precision": 1.0,
    "recall": 0.23529542179359272,
    "f1": 0.3809540902401378,
    "threshold": 0.9950001171911944
  },
  "0.01": {
    "k": 0.01,
    "topn": 84904,
    "tp": 82420,
    "fp": 2484,
    "precision": 0.9707434278714784,
    "recall": 0.4568229686287551,
    "f1": 0.6212781354117984,
    "threshold": 0.990000116602294
  },
  "0.015": {
    "k": 0.015,
    "topn": 127356,
    "tp": 82540,
    "fp": 44816,
    "precision": 0.6481045258959138,
    "recall": 0.45748808336104646,
    "f1": 0.5363641089623622,
    "threshold": 0.9850001160133935
  },
  "0.02": {
    "k": 0.02,
    "topn": 169808,
    "tp": 85801,
    "fp": 84007,
    "precision": 0.5052824366343164,
    "recall": 0.47556257621106307,
    "f1": 0.4899722466507533,
    "threshold": 0.9800001154244932
  }
}