{
  "global": {
    "roc_auc": 0.8559794579374744,
    "pr_auc": 0.6697279971600427,
    "precision_at_k": 0.9763783258701163,
    "recall_at_k": 0.6271495967128291,
    "f1_at_k": 0.7637350927101384,
    "threshold": 0.7426020852997401
  }
}