{
  "global": {
    "roc_auc": 0.8559794579374744,
    "pr_auc": 0.6697279971600427,
    "precision_at_k": 0.6518665940088927,
    "recall_at_k": 0.6280626997412875,
    "f1_at_k": 0.6397432966079034,
    "threshold": 0.7401165130669158
  }
}