{
  "global": {
    "roc_auc": 0.8559794579374744,
    "pr_auc": 0.6697279971600427,
    "precision_at_k": 0.33881030792680517,
    "recall_at_k": 0.6528762745396439,
    "f1_at_k": 0.4461111313308827,
    "threshold": 0.9701732509862022
  }
}