{
  "global": {
    "roc_auc": 0.8559794579374744,
    "pr_auc": 0.6697279971600427,
    "precision_at_k": 0.5082154618902078,
    "recall_at_k": 0.6528762745396439,
    "f1_at_k": 0.5715341983959926,
    "threshold": 0.7376309408340914
  }
}