{
  "global": {
    "roc_auc": 0.7284114843143775,
    "pr_auc": 0.46836541656995934,
    "precision_at_k": 0.021249882219918966,
    "recall_at_k": 1.0,
    "f1_at_k": 0.04161544121547904,
    "threshold": 0.4951463417506831
  }
}